[{"customer_email":"laxminarayana33317@gmail.com","customer_name":"LaxmiNarayana","amount":"8000.00","card_type":"VISA","card_number":"4242424242424242","expiryMonth":"01","expiryYear":"2020","cvv":"123","service":{"names":["flights","package","extraStuff"],"prices":["5000","2000","1000"]},"orderID":1661497474977,"OTP":112695},{"customer_email":"laxminarayana33317@gmail.com","customer_name":"LaxmiNarayana","amount":"8000.00","card_type":"VISA","card_number":"4242424242424242","expiryMonth":"01","expiryYear":"2020","cvv":"123","service":{"names":["flights","package","extraStuff"],"prices":["5000","2000","1000"]},"orderID":1661497886128,"OTP":690446},{"customer_email":"laxminarayana33317@gmail.com","customer_name":"LaxmiNarayana","amount":"8000.00","card_type":"VISA","card_number":"4242424242424242","expiryMonth":"01","expiryYear":"2020","cvv":"123","service":{"names":["flights","package","extraStuff"],"prices":["5000","2000","1000"]},"paymentType":"card","orderID":1661498017704,"OTP":538292},{"customer_email":"laxminarayana33317@gmail.com","customer_name":"LaxmiNarayana","amount":"8000.00","card_type":"VISA","card_number":"4242424242424242","expiryMonth":"01","expiryYear":"2020","cvv":"123","service":{"names":["flights","package","extraStuff"],"prices":["5000","2000","1000"]},"paymentType":"card","orderID":1661498048046,"OTP":952038},{"customerEmail":"laxminarayana33317@gmail.com","customerName":"LaxmiNarayana","amount":"8000.00","cardType":"VISA","cardNumber":"4242424242424242","expiryMonth":"01","expiryYear":"2020","cvv":"123","service":{"names":["flights","package","extraStuff"],"prices":["5000","2000","1000"]},"paymentType":"card","orderID":1661498223340,"OTP":742523},{"customerEmail":"laxminarayana33317@gmail.com","customerName":"LaxmiNarayana","amount":"8000.00","cardType":"VISA","cardNumber":"4242424242424242","expiryMonth":"01","expiryYear":"2020","cvv":"123","service":{"names":["flights","package","extraStuff"],"prices":["5000","2000","1000"]},"paymentType":"card","orderID":1661499394708,"OTP":601619},{"customerEmail":"laxminarayana33317@gmail.com","customerName":"LaxmiNarayana","amount":"8000.00","cardType":"VISA","cardNumber":"4242424242424242","expiryMonth":"01","expiryYear":"2020","cvv":"123","service":{"names":["flights","package","extraStuff"],"prices":["5000","2000","1000"]},"paymentType":"card","orderID":1661499752500,"OTP":829910},{"customerEmail":"laxminarayana33317@gmail.com","customerName":"LaxmiNarayana","amount":"8000.00","cardType":"VISA","cardNumber":"4242424242424242","expiryMonth":"01","expiryYear":"2020","cvv":"123","service":{"names":["flights","package","extraStuff"],"prices":["5000","2000","1000"]},"paymentType":"card","orderID":1661499803808,"OTP":407480},{"customerEmail":"laxminarayana33317@gmail.com","customerName":"LaxmiNarayana","amount":"8000.00","cardType":"VISA","cardNumber":"4242424242424242","expiryMonth":"01","expiryYear":"2020","cvv":"123","service":{"names":["flights","package","extraStuff"],"prices":["5000","2000","1000"]},"paymentType":"card","orderID":1661499894376,"OTP":416671},{"customerEmail":"laxminarayana33317@gmail.com","customerName":"LaxmiNarayana","amount":"8000.00","cardType":"VISA","cardNumber":"4242424242424242","expiryMonth":"01","expiryYear":"2020","cvv":"123","service":{"names":["flights","package","extraStuff"],"prices":["5000","2000","1000"]},"paymentType":"card","orderID":1661499995745,"OTP":372150}]