[{"customerEmail":"laxminarayana33317@gmail.com","customerName":"LaxmiNarayana","service":{"names":["flights","package","extraStuff"],"prices":["5000","2000","1000"]},"amount":"8000.00","upiID":"9505718154@ybl","orderID":1661497543817,"OTP":182934},{"customerEmail":"laxminarayana33317@gmail.com","customerName":"LaxmiNarayana","service":{"names":["flights","package","extraStuff"],"prices":["5000","2000","1000"]},"amount":"8000.00","upiID":"9505718154@ybl","orderID":1661497621167,"OTP":286089},{"customerEmail":"laxminarayana33317@gmail.com","customerName":"LaxmiNarayana","service":{"names":["flights","package","extraStuff"],"prices":["5000","2000","1000"]},"amount":"8000.00","upiID":"9505718154@ybl","orderID":1661497678874,"OTP":874980},{"customerEmail":"laxminarayana33317@gmail.com","customerName":"LaxmiNarayana","service":{"names":["flights","package","extraStuff"],"prices":["5000","2000","1000"]},"amount":"8000.00","upiID":"9505718154@ybl","orderID":1661498067048,"OTP":885950},{"customerEmail":"laxminarayana33317@gmail.com","customerName":"LaxmiNarayana","service":{"names":["flights","package","extraStuff"],"prices":["5000","2000","1000"]},"amount":"8000.00","upiID":"9505718154@ybl","orderID":1661499865900,"OTP":197802},{"customerEmail":"laxminarayana33317@gmail.com","customerName":"LaxmiNarayana","service":{"names":["flights","package","extraStuff"],"prices":["5000","2000","1000"]},"amount":"8000.00","upiID":"9505718154@ybl","orderID":1661500279393,"OTP":415407}]